{
  "project_info": {
    "project_number": "892273409223",
    "project_id": "trimoney-cghxlc",
    "storage_bucket": "trimoney-cghxlc.appspot.com"
  },
  "client": [
    {
      "client_info": {
        "mobilesdk_app_id": "1:892273409223:android:e65d22217fb0fbe61212e2",
        "android_client_info": {
          "package_name": "com.trimoney.trimoney"
        }
      },
      "oauth_client": [
        {
          "client_id": "892273409223-itnsq0iq9dbrbdao628ksgs1lc8ftcpl.apps.googleusercontent.com",
          "client_type": 1,
          "android_info": {
            "package_name": "com.trimoney.trimoney",
            "certificate_hash": "9bbb3186b2189ef16d8f272bdab59362c395cbb4"
          }
        },
        {
          "client_id": "892273409223-r2r82b3fvgjqbsdqo9o7g7lasj91qlb3.apps.googleusercontent.com",
          "client_type": 3
        }
      ],
      "api_key": [
        {
          "current_key": "AIzaSyAOyimpFq_Fx5cQ3m1i_5adMpSt53Y-vpg"
        }
      ],
      "services": {
        "appinvite_service": {
          "other_platform_oauth_client": [
            {
              "client_id": "892273409223-r2r82b3fvgjqbsdqo9o7g7lasj91qlb3.apps.googleusercontent.com",
              "client_type": 3
            },
            {
              "client_id": "892273409223-avolja54kpqndp862g2njvpa4anql8mb.apps.googleusercontent.com",
              "client_type": 2,
              "ios_info": {
                "bundle_id": "com.trimoney.trimoney"
              }
            }
          ]
        }
      }
    }
  ],
  "configuration_version": "1"
}