{
  "indexes": [
    {
      "collectionGroup": "chats",
      "queryScope": "COLLECTION",
      "fields": [
        {
          "fieldPath": "userIds",
          "arrayConfig": "CONTAINS"
        },
        {
          "fieldPath": "timeStamp",
          "order": "DESCENDING"
        }
      ]
    },
    {
      "collectionGroup": "expenses",
      "queryScope": "COLLECTION",
      "fields": [
        {
          "fieldPath": "user_id",
          "order": "ASCENDING"
        },
        {
          "fieldPath": "date",
          "order": "DESCENDING"
        }
      ]
    }
  ]
}